Size,Speed (s)
64,596.4157083034515
64,601.3023443222046
64,595.313775062561
