Size,Speed (s),mcSteps
256,34.55077576637268,500
256,34.62775945663452,500
256,35.52207899093628,500
