Size,Speed (s),mcSteps
64,26.62774682044983,500
64,27.29876184463501,500
64,27.167423009872437,500
