Size,Speed (s),mcSteps
1280,94.52523565292358,500
1280,96.83390402793884,500
1280,94.54662847518921,500
