Size,Speed (s),mcSteps
512,36.10363960266113,500
512,36.98524832725525,500
512,37.021493911743164,500
