Size,Speed (s),mcSteps
16,25.892519235610962,500
16,26.16621422767639,500
16,26.624272108078003,500
