Size,Speed (s),mcSteps
1024,60.806827783584595,500
1024,60.41980195045471,500
1024,59.85359787940979,500
