Size,Speed (s),mcSteps
768,62.816027879714966,500
768,62.77351713180542,500
768,62.363075971603394,500
