Size,Speed (s),mcSteps
1024,119.55517196655273,500
1024,134.11613607406616,500
1024,133.43321919441223,500
