Size,Speed (s),mcSteps
768,76.86240267753601,512
768,76.97818183898926,512
768,75.62988638877869,512
