Size,Speed (s),mcSteps
512,28.24249505996704,500
512,28.66743516921997,500
512,28.356045246124268,500
