Size,Speed (s)
64,4.884544134140015
64,4.753679037094116
64,4.499028205871582
