Size,Speed (s),mcSteps
1280,278.5317361354828,500
1280,276.15486884117126,500
1280,288.37976264953613,500
