Size,Speed (s),mcSteps
256,12.100829601287842,500
256,12.63538384437561,500
256,12.421738386154175,500
