Size,Speed (s)
16,3.4650228023529053
16,3.5607903003692627
16,3.655766010284424
